activo_1,activo_2,correlacion
AAPL,AAPL,1.0
AAPL,AMD,0.5267161917628156
AAPL,AMZN,0.5802737570415447
AAPL,BINANCECOIN,0.18679788218179633
AAPL,BITCOIN,0.24194576528525014
AAPL,CARDANO,0.21643667344179873
AAPL,DOGECOIN,0.03478755441673826
AAPL,ETHEREUM,0.235589008954655
AAPL,GOOGL,0.5937826269842318
AAPL,INTC,0.39933569962121845
AAPL,META,0.500400192277095
AAPL,MSFT,0.681271252251614
AAPL,NVDA,0.5575603323580428
AAPL,POLKADOT,0.2130655962602042
AAPL,QCOM,0.5775836704149516
AAPL,SOLANA,0.23417038647117447
AAPL,TSLA,0.4871169721303149
AMD,AAPL,0.5267161917628156
AMD,AMD,1.0
AMD,AMZN,0.5288539238527726
AMD,BINANCECOIN,0.176773291775639
AMD,BITCOIN,0.2578423755368456
AMD,CARDANO,0.22883093955110387
AMD,DOGECOIN,0.07674937057838391
AMD,ETHEREUM,0.25338525049731103
AMD,GOOGL,0.516473644336282
AMD,INTC,0.4693745304908821
AMD,META,0.47755383888275565
AMD,MSFT,0.5698416557983162
AMD,NVDA,0.737335177313927
AMD,POLKADOT,0.22101273030470228
AMD,QCOM,0.6305102105649372
AMD,SOLANA,0.22686089650040847
AMD,TSLA,0.43826751057900015
AMZN,AAPL,0.5802737570415447
AMZN,AMD,0.5288539238527726
AMZN,AMZN,1.0
AMZN,BINANCECOIN,0.18071731954020723
AMZN,BITCOIN,0.25667204420976775
AMZN,CARDANO,0.23594113949552106
AMZN,DOGECOIN,0.08199430787822354
AMZN,ETHEREUM,0.24654243044921512
AMZN,GOOGL,0.6398673670624831
AMZN,INTC,0.4066210183950821
AMZN,META,0.6021273026777096
AMZN,MSFT,0.6855742308389734
AMZN,NVDA,0.5644984699457765
AMZN,POLKADOT,0.21960328485248912
AMZN,QCOM,0.5056893675227478
AMZN,SOLANA,0.2249644671759523
AMZN,TSLA,0.4219862655891789
BINANCECOIN,AAPL,0.18679788218179633
BINANCECOIN,AMD,0.176773291775639
BINANCECOIN,AMZN,0.18071731954020723
BINANCECOIN,BINANCECOIN,1.0
BINANCECOIN,BITCOIN,0.621235382528358
BINANCECOIN,CARDANO,0.5555334088846895
BINANCECOIN,DOGECOIN,0.21859936899909163
BINANCECOIN,ETHEREUM,0.6393834763716084
BINANCECOIN,GOOGL,0.17007438037425573
BINANCECOIN,INTC,0.14811384001853345
BINANCECOIN,META,0.14009577766869788
BINANCECOIN,MSFT,0.19361820954453454
BINANCECOIN,NVDA,0.20668646669289495
BINANCECOIN,POLKADOT,0.5637772652181801
BINANCECOIN,QCOM,0.1621890774083917
BINANCECOIN,SOLANA,0.5309538232140188
BINANCECOIN,TSLA,0.18083459180219527
BITCOIN,AAPL,0.24194576528525014
BITCOIN,AMD,0.2578423755368456
BITCOIN,AMZN,0.25667204420976775
BITCOIN,BINANCECOIN,0.621235382528358
BITCOIN,BITCOIN,1.0
BITCOIN,CARDANO,0.6426161900754545
BITCOIN,DOGECOIN,0.3631046917366583
BITCOIN,ETHEREUM,0.8009211580146158
BITCOIN,GOOGL,0.2509246103699129
BITCOIN,INTC,0.21285355392406877
BITCOIN,META,0.18889371929332208
BITCOIN,MSFT,0.2882837618090397
BITCOIN,NVDA,0.2776359840332576
BITCOIN,POLKADOT,0.6353696715359787
BITCOIN,QCOM,0.2512294847444796
BITCOIN,SOLANA,0.5368783086017747
BITCOIN,TSLA,0.26858766153014146
CARDANO,AAPL,0.21643667344179873
CARDANO,AMD,0.22883093955110387
CARDANO,AMZN,0.23594113949552106
CARDANO,BINANCECOIN,0.5555334088846895
CARDANO,BITCOIN,0.6426161900754545
CARDANO,CARDANO,1.0
CARDANO,DOGECOIN,0.3103792746141773
CARDANO,ETHEREUM,0.6845271622460926
CARDANO,GOOGL,0.22730357809025958
CARDANO,INTC,0.1973534466534602
CARDANO,META,0.17833051359049334
CARDANO,MSFT,0.24470604094829065
CARDANO,NVDA,0.23614788529322367
CARDANO,POLKADOT,0.6679531699507935
CARDANO,QCOM,0.21036581926623807
CARDANO,SOLANA,0.5382915295884945
CARDANO,TSLA,0.21669675960809878
DOGECOIN,AAPL,0.03478755441673826
DOGECOIN,AMD,0.07674937057838391
DOGECOIN,AMZN,0.08199430787822354
DOGECOIN,BINANCECOIN,0.21859936899909163
DOGECOIN,BITCOIN,0.3631046917366583
DOGECOIN,CARDANO,0.3103792746141773
DOGECOIN,DOGECOIN,1.0
DOGECOIN,ETHEREUM,0.32066700944411813
DOGECOIN,GOOGL,0.1006850910122485
DOGECOIN,INTC,0.12048513967046032
DOGECOIN,META,0.023585004503675743
DOGECOIN,MSFT,0.12383529992290344
DOGECOIN,NVDA,0.09564697821060351
DOGECOIN,POLKADOT,0.28260442646649614
DOGECOIN,QCOM,0.08792583538975601
DOGECOIN,SOLANA,0.22325529315353326
DOGECOIN,TSLA,0.06103352252189644
ETHEREUM,AAPL,0.235589008954655
ETHEREUM,AMD,0.25338525049731103
ETHEREUM,AMZN,0.24654243044921512
ETHEREUM,BINANCECOIN,0.6393834763716084
ETHEREUM,BITCOIN,0.8009211580146158
ETHEREUM,CARDANO,0.6845271622460926
ETHEREUM,DOGECOIN,0.32066700944411813
ETHEREUM,ETHEREUM,1.0
ETHEREUM,GOOGL,0.25720796145124825
ETHEREUM,INTC,0.20355518399695155
ETHEREUM,META,0.19433101214673357
ETHEREUM,MSFT,0.2719924799534671
ETHEREUM,NVDA,0.2712460397082797
ETHEREUM,POLKADOT,0.6914248744502218
ETHEREUM,QCOM,0.24120418465288923
ETHEREUM,SOLANA,0.6114545881226726
ETHEREUM,TSLA,0.23671744250343285
GOOGL,AAPL,0.5937826269842318
GOOGL,AMD,0.516473644336282
GOOGL,AMZN,0.6398673670624831
GOOGL,BINANCECOIN,0.17007438037425573
GOOGL,BITCOIN,0.2509246103699129
GOOGL,CARDANO,0.22730357809025958
GOOGL,DOGECOIN,0.1006850910122485
GOOGL,ETHEREUM,0.25720796145124825
GOOGL,GOOGL,1.0
GOOGL,INTC,0.3829555041409798
GOOGL,META,0.6031442122988845
GOOGL,MSFT,0.7044189246863449
GOOGL,NVDA,0.5412199316547639
GOOGL,POLKADOT,0.22692397230922948
GOOGL,QCOM,0.49951608943532655
GOOGL,SOLANA,0.21664632925300226
GOOGL,TSLA,0.36370530621797703
INTC,AAPL,0.39933569962121845
INTC,AMD,0.4693745304908821
INTC,AMZN,0.4066210183950821
INTC,BINANCECOIN,0.14811384001853345
INTC,BITCOIN,0.21285355392406877
INTC,CARDANO,0.1973534466534602
INTC,DOGECOIN,0.12048513967046032
INTC,ETHEREUM,0.20355518399695155
INTC,GOOGL,0.3829555041409798
INTC,INTC,1.0
INTC,META,0.3514328866595875
INTC,MSFT,0.43243800273483457
INTC,NVDA,0.4155338506697662
INTC,POLKADOT,0.18953052458825076
INTC,QCOM,0.5305806077090416
INTC,SOLANA,0.16895074715423322
INTC,TSLA,0.3187292151355015
META,AAPL,0.500400192277095
META,AMD,0.47755383888275565
META,AMZN,0.6021273026777096
META,BINANCECOIN,0.14009577766869788
META,BITCOIN,0.18889371929332208
META,CARDANO,0.17833051359049334
META,DOGECOIN,0.023585004503675743
META,ETHEREUM,0.19433101214673357
META,GOOGL,0.6031442122988845
META,INTC,0.3514328866595875
META,META,1.0
META,MSFT,0.5877563968367541
META,NVDA,0.49676956853897797
META,POLKADOT,0.17715287836103186
META,QCOM,0.45649136203797847
META,SOLANA,0.15869071793368547
META,TSLA,0.31004347692378004
MSFT,AAPL,0.681271252251614
MSFT,AMD,0.5698416557983162
MSFT,AMZN,0.6855742308389734
MSFT,BINANCECOIN,0.19361820954453454
MSFT,BITCOIN,0.2882837618090397
MSFT,CARDANO,0.24470604094829065
MSFT,DOGECOIN,0.12383529992290344
MSFT,ETHEREUM,0.2719924799534671
MSFT,GOOGL,0.7044189246863449
MSFT,INTC,0.43243800273483457
MSFT,META,0.5877563968367541
MSFT,MSFT,1.0
MSFT,NVDA,0.6372419714479123
MSFT,POLKADOT,0.23738775367229387
MSFT,QCOM,0.5518306845224623
MSFT,SOLANA,0.2381335578129311
MSFT,TSLA,0.412815905253012
NVDA,AAPL,0.5575603323580428
NVDA,AMD,0.737335177313927
NVDA,AMZN,0.5644984699457765
NVDA,BINANCECOIN,0.20668646669289495
NVDA,BITCOIN,0.2776359840332576
NVDA,CARDANO,0.23614788529322367
NVDA,DOGECOIN,0.09564697821060351
NVDA,ETHEREUM,0.2712460397082797
NVDA,GOOGL,0.5412199316547639
NVDA,INTC,0.4155338506697662
NVDA,META,0.49676956853897797
NVDA,MSFT,0.6372419714479123
NVDA,NVDA,1.0
NVDA,POLKADOT,0.22543844632047513
NVDA,QCOM,0.6431455537130305
NVDA,SOLANA,0.23999606269424276
NVDA,TSLA,0.4505680181772202
POLKADOT,AAPL,0.2130655962602042
POLKADOT,AMD,0.22101273030470228
POLKADOT,AMZN,0.21960328485248912
POLKADOT,BINANCECOIN,0.5637772652181801
POLKADOT,BITCOIN,0.6353696715359787
POLKADOT,CARDANO,0.6679531699507935
POLKADOT,DOGECOIN,0.28260442646649614
POLKADOT,ETHEREUM,0.6914248744502218
POLKADOT,GOOGL,0.22692397230922948
POLKADOT,INTC,0.18953052458825076
POLKADOT,META,0.17715287836103186
POLKADOT,MSFT,0.23738775367229387
POLKADOT,NVDA,0.22543844632047513
POLKADOT,POLKADOT,1.0
POLKADOT,QCOM,0.21740815290898335
POLKADOT,SOLANA,0.541902953295129
POLKADOT,TSLA,0.21273065253386927
QCOM,AAPL,0.5775836704149516
QCOM,AMD,0.6305102105649372
QCOM,AMZN,0.5056893675227478
QCOM,BINANCECOIN,0.1621890774083917
QCOM,BITCOIN,0.2512294847444796
QCOM,CARDANO,0.21036581926623807
QCOM,DOGECOIN,0.08792583538975601
QCOM,ETHEREUM,0.24120418465288923
QCOM,GOOGL,0.49951608943532655
QCOM,INTC,0.5305806077090416
QCOM,META,0.45649136203797847
QCOM,MSFT,0.5518306845224623
QCOM,NVDA,0.6431455537130305
QCOM,POLKADOT,0.21740815290898335
QCOM,QCOM,1.0
QCOM,SOLANA,0.1722535459997994
QCOM,TSLA,0.4263995175036382
SOLANA,AAPL,0.23417038647117447
SOLANA,AMD,0.22686089650040847
SOLANA,AMZN,0.2249644671759523
SOLANA,BINANCECOIN,0.5309538232140188
SOLANA,BITCOIN,0.5368783086017747
SOLANA,CARDANO,0.5382915295884945
SOLANA,DOGECOIN,0.22325529315353326
SOLANA,ETHEREUM,0.6114545881226726
SOLANA,GOOGL,0.21664632925300226
SOLANA,INTC,0.16895074715423322
SOLANA,META,0.15869071793368547
SOLANA,MSFT,0.2381335578129311
SOLANA,NVDA,0.23999606269424276
SOLANA,POLKADOT,0.541902953295129
SOLANA,QCOM,0.1722535459997994
SOLANA,SOLANA,1.0
SOLANA,TSLA,0.2273637353453764
TSLA,AAPL,0.4871169721303149
TSLA,AMD,0.43826751057900015
TSLA,AMZN,0.4219862655891789
TSLA,BINANCECOIN,0.18083459180219527
TSLA,BITCOIN,0.26858766153014146
TSLA,CARDANO,0.21669675960809878
TSLA,DOGECOIN,0.06103352252189644
TSLA,ETHEREUM,0.23671744250343285
TSLA,GOOGL,0.36370530621797703
TSLA,INTC,0.3187292151355015
TSLA,META,0.31004347692378004
TSLA,MSFT,0.412815905253012
TSLA,NVDA,0.4505680181772202
TSLA,POLKADOT,0.21273065253386927
TSLA,QCOM,0.4263995175036382
TSLA,SOLANA,0.2273637353453764
TSLA,TSLA,1.0
